v,m,v_min,v_max,m_min,m_max,Bv_max,diver
32.77566820558424,0.8384076282820416,30,100,1e-15,2,100,
29.07196199442005,4.881280600742933,30,100,1e-15,2,100,
