v,m,v_min,v_max,m_min,m_max,Bv_max
28.04970707895822,-4.119810284004533,30,100,1e-15,2,100
27.705126858878604,-4.717414898065865,30,100,1e-15,2,100
71.03742996687544,1.2429365223727489,30,100,1e-15,2,100
122.8302473435803,-0.7160851297317388,30,100,1e-15,2,100
