v,m,v_min,v_max,m_min,m_max,Bv_max,diver
125.29277898406944,4.908843905257102,30,100,1e-15,2,100,
69.90232836807182,4.900972537087548,30,100,1e-15,2,100,
